episode,coverage,steps,success,epsilon
1,1.000000,791,1,1.000000
2,1.000000,603,1,0.998000
3,1.000000,1002,1,0.996004
4,1.000000,566,1,0.994012
5,1.000000,595,1,0.992024
6,1.000000,621,1,0.990040
7,1.000000,1300,1,0.988060
8,1.000000,702,1,0.986084
9,1.000000,606,1,0.984112
10,1.000000,449,1,0.982143
11,1.000000,625,1,0.980179
12,1.000000,556,1,0.978219
13,1.000000,864,1,0.976262
14,1.000000,1063,1,0.974310
15,1.000000,430,1,0.972361
16,1.000000,818,1,0.970416
17,1.000000,450,1,0.968476
18,1.000000,459,1,0.966539
19,1.000000,753,1,0.964606
20,1.000000,312,1,0.962676
21,1.000000,633,1,0.960751
22,1.000000,593,1,0.958829
23,1.000000,1069,1,0.956912
24,1.000000,667,1,0.954998
25,1.000000,675,1,0.953088
26,1.000000,322,1,0.951182
27,1.000000,1624,1,0.949279
28,1.000000,797,1,0.947381
29,1.000000,546,1,0.945486
30,1.000000,611,1,0.943595
31,1.000000,468,1,0.941708
32,1.000000,1214,1,0.939825
33,1.000000,645,1,0.937945
34,1.000000,574,1,0.936069
35,1.000000,505,1,0.934197
36,1.000000,650,1,0.932328
37,1.000000,680,1,0.930464
38,1.000000,419,1,0.928603
39,1.000000,382,1,0.926746
40,1.000000,740,1,0.924892
41,1.000000,751,1,0.923042
42,1.000000,568,1,0.921196
43,1.000000,912,1,0.919354
44,1.000000,805,1,0.917515
45,1.000000,665,1,0.915680
46,1.000000,968,1,0.913849
47,1.000000,766,1,0.912021
48,1.000000,565,1,0.910197
49,1.000000,1056,1,0.908377
50,1.000000,561,1,0.906560
51,1.000000,614,1,0.904747
52,1.000000,538,1,0.902937
53,1.000000,924,1,0.901131
54,1.000000,462,1,0.899329
55,1.000000,857,1,0.897531
56,1.000000,890,1,0.895735
57,1.000000,585,1,0.893944
58,1.000000,632,1,0.892156
59,1.000000,815,1,0.890372
60,1.000000,823,1,0.888591
61,1.000000,593,1,0.886814
62,1.000000,794,1,0.885040
63,1.000000,618,1,0.883270
64,1.000000,634,1,0.881504
65,1.000000,1070,1,0.879741
66,1.000000,861,1,0.877981
67,1.000000,637,1,0.876225
68,1.000000,1617,1,0.874473
69,1.000000,806,1,0.872724
70,1.000000,659,1,0.870978
71,1.000000,765,1,0.869236
72,1.000000,421,1,0.867498
73,1.000000,744,1,0.865763
74,1.000000,1323,1,0.864031
75,1.000000,582,1,0.862303
76,1.000000,848,1,0.860579
77,1.000000,570,1,0.858858
78,1.000000,692,1,0.857140
79,1.000000,643,1,0.855426
80,1.000000,363,1,0.853715
81,1.000000,546,1,0.852007
82,1.000000,545,1,0.850303
83,1.000000,788,1,0.848603
84,1.000000,683,1,0.846905
85,1.000000,944,1,0.845212
86,1.000000,640,1,0.843521
87,1.000000,1001,1,0.841834
88,1.000000,611,1,0.840151
89,1.000000,901,1,0.838470
90,1.000000,640,1,0.836793
91,1.000000,659,1,0.835120
92,1.000000,648,1,0.833449
93,1.000000,1411,1,0.831783
94,1.000000,723,1,0.830119
95,1.000000,703,1,0.828459
96,1.000000,829,1,0.826802
97,1.000000,480,1,0.825148
98,1.000000,401,1,0.823498
99,1.000000,684,1,0.821851
100,1.000000,723,1,0.820207
101,1.000000,962,1,0.818567
102,1.000000,566,1,0.816930
103,1.000000,487,1,0.815296
104,1.000000,671,1,0.813665
105,1.000000,515,1,0.812038
106,1.000000,1636,1,0.810414
107,1.000000,1165,1,0.808793
108,1.000000,1038,1,0.807175
109,1.000000,764,1,0.805561
110,1.000000,1730,1,0.803950
111,1.000000,2335,1,0.802342
112,1.000000,1294,1,0.800737
113,1.000000,1244,1,0.799136
114,1.000000,1270,1,0.797538
115,1.000000,914,1,0.795943
116,1.000000,679,1,0.794351
117,1.000000,1928,1,0.792762
118,1.000000,1506,1,0.791176
119,1.000000,1432,1,0.789594
120,1.000000,959,1,0.788015
121,1.000000,944,1,0.786439
122,1.000000,661,1,0.784866
123,1.000000,663,1,0.783296
124,1.000000,675,1,0.781730
125,1.000000,1334,1,0.780166
126,1.000000,713,1,0.778606
127,1.000000,1055,1,0.777049
128,1.000000,909,1,0.775495
129,1.000000,1414,1,0.773944
130,1.000000,1218,1,0.772396
131,1.000000,1241,1,0.770851
132,1.000000,833,1,0.769309
133,1.000000,1141,1,0.767771
134,1.000000,1257,1,0.766235
135,1.000000,1471,1,0.764703
136,1.000000,710,1,0.763173
137,1.000000,645,1,0.761647
138,1.000000,1290,1,0.760123
139,1.000000,902,1,0.758603
140,1.000000,776,1,0.757086
141,1.000000,1082,1,0.755572
142,1.000000,2364,1,0.754061
143,1.000000,1915,1,0.752553
144,1.000000,1344,1,0.751047
145,1.000000,1404,1,0.749545
146,1.000000,776,1,0.748046
147,1.000000,2236,1,0.746550
148,1.000000,1392,1,0.745057
149,1.000000,1815,1,0.743567
150,1.000000,2293,1,0.742080
151,1.000000,663,1,0.740596
152,1.000000,1848,1,0.739115
153,1.000000,2304,1,0.737636
154,1.000000,1000,1,0.736161
155,1.000000,2036,1,0.734689
156,1.000000,1824,1,0.733219
157,1.000000,1629,1,0.731753
158,1.000000,1193,1,0.730289
159,1.000000,2156,1,0.728829
160,1.000000,1579,1,0.727371
161,1.000000,1613,1,0.725916
162,1.000000,1757,1,0.724465
163,0.990000,2500,0,0.723016
164,1.000000,1263,1,0.721570
165,1.000000,1135,1,0.720126
166,1.000000,2029,1,0.718686
167,1.000000,1195,1,0.717249
168,1.000000,2073,1,0.715814
169,1.000000,777,1,0.714383
170,1.000000,2470,1,0.712954
171,1.000000,1318,1,0.711528
172,0.990000,2500,0,0.710105
173,1.000000,1189,1,0.708685
174,0.990000,2500,0,0.707267
175,0.990000,2500,0,0.705853
176,1.000000,822,1,0.704441
177,1.000000,1106,1,0.703032
178,1.000000,1451,1,0.701626
179,0.990000,2500,0,0.700223
180,1.000000,1324,1,0.698823
181,0.920000,2500,0,0.697425
182,1.000000,1202,1,0.696030
183,1.000000,2035,1,0.694638
184,1.000000,1264,1,0.693249
185,1.000000,1821,1,0.691862
186,1.000000,2368,1,0.690478
187,1.000000,1110,1,0.689098
188,1.000000,1832,1,0.687719
189,1.000000,1176,1,0.686344
190,1.000000,1304,1,0.684971
191,1.000000,1868,1,0.683601
192,1.000000,852,1,0.682234
193,1.000000,775,1,0.680870
194,1.000000,1311,1,0.679508
195,1.000000,2030,1,0.678149
196,1.000000,1622,1,0.676793
197,0.990000,2500,0,0.675439
198,1.000000,1775,1,0.674088
199,1.000000,814,1,0.672740
200,1.000000,1088,1,0.671394
201,1.000000,1738,1,0.670052
202,0.990000,2500,0,0.668712
203,1.000000,1081,1,0.667374
204,1.000000,1999,1,0.666039
205,0.990000,2500,0,0.664707
206,1.000000,2131,1,0.663378
207,1.000000,1423,1,0.662051
208,1.000000,1551,1,0.660727
209,1.000000,2095,1,0.659406
210,1.000000,1572,1,0.658087
211,0.990000,2500,0,0.656771
212,1.000000,1490,1,0.655457
213,1.000000,1834,1,0.654146
214,1.000000,1967,1,0.652838
215,1.000000,1866,1,0.651532
216,1.000000,1822,1,0.650229
217,0.990000,2500,0,0.648929
218,1.000000,1958,1,0.647631
219,1.000000,1993,1,0.646335
220,1.000000,1090,1,0.645043
221,0.990000,2500,0,0.643753
222,1.000000,1896,1,0.642465
223,1.000000,2011,1,0.641180
224,1.000000,1166,1,0.639898
225,1.000000,2470,1,0.638618
226,1.000000,2383,1,0.637341
227,1.000000,2418,1,0.636066
228,0.970000,2500,0,0.634794
229,1.000000,1926,1,0.633524
230,0.990000,2500,0,0.632257
231,0.970000,2500,0,0.630993
232,1.000000,2495,1,0.629731
233,1.000000,1477,1,0.628471
234,0.980000,2500,0,0.627215
235,0.980000,2500,0,0.625960
236,1.000000,1690,1,0.624708
237,0.990000,2500,0,0.623459
238,1.000000,1788,1,0.622212
239,0.990000,2500,0,0.620967
240,1.000000,1970,1,0.619726
241,1.000000,2293,1,0.618486
242,1.000000,2331,1,0.617249
243,1.000000,706,1,0.616015
244,1.000000,1361,1,0.614783
245,0.990000,2500,0,0.613553
246,0.970000,2500,0,0.612326
247,0.990000,2500,0,0.611101
248,1.000000,1615,1,0.609879
249,1.000000,1402,1,0.608659
250,1.000000,1671,1,0.607442
251,1.000000,1998,1,0.606227
252,1.000000,1634,1,0.605015
253,0.970000,2500,0,0.603805
254,1.000000,885,1,0.602597
255,1.000000,2303,1,0.601392
256,1.000000,1940,1,0.600189
257,0.990000,2500,0,0.598989
258,1.000000,1516,1,0.597791
259,0.990000,2500,0,0.596595
260,1.000000,2196,1,0.595402
261,0.990000,2500,0,0.594211
262,0.980000,2500,0,0.593023
263,1.000000,2200,1,0.591837
264,0.980000,2500,0,0.590653
265,0.940000,2500,0,0.589472
266,0.990000,2500,0,0.588293
267,0.990000,2500,0,0.587116
268,0.990000,2500,0,0.585942
269,1.000000,1915,1,0.584770
270,0.990000,2500,0,0.583600
271,0.980000,2500,0,0.582433
272,0.980000,2500,0,0.581268
273,0.990000,2500,0,0.580106
274,1.000000,1287,1,0.578946
275,0.980000,2500,0,0.577788
276,0.990000,2500,0,0.576632
277,1.000000,1170,1,0.575479
278,0.920000,2500,0,0.574328
279,0.960000,2500,0,0.573179
280,0.990000,2500,0,0.572033
281,0.980000,2500,0,0.570889
282,0.960000,2500,0,0.569747
283,0.980000,2500,0,0.568608
284,0.970000,2500,0,0.567470
285,1.000000,2397,1,0.566335
286,0.990000,2500,0,0.565203
287,0.980000,2500,0,0.564072
288,1.000000,2178,1,0.562944
289,0.980000,2500,0,0.561818
290,0.960000,2500,0,0.560695
291,0.990000,2500,0,0.559573
292,0.980000,2500,0,0.558454
293,0.990000,2500,0,0.557337
294,0.950000,2500,0,0.556223
295,0.950000,2500,0,0.555110
296,0.980000,2500,0,0.554000
297,1.000000,2393,1,0.552892
298,0.980000,2500,0,0.551786
299,0.960000,2500,0,0.550683
300,0.990000,2500,0,0.549581
301,0.980000,2500,0,0.548482
302,0.930000,2500,0,0.547385
303,1.000000,2266,1,0.546290
304,0.980000,2500,0,0.545198
305,0.970000,2500,0,0.544107
306,1.000000,2122,1,0.543019
307,1.000000,2361,1,0.541933
308,0.960000,2500,0,0.540849
309,0.970000,2500,0,0.539767
310,0.980000,2500,0,0.538688
311,0.990000,2500,0,0.537611
312,0.990000,2500,0,0.536535
313,0.920000,2500,0,0.535462
314,0.950000,2500,0,0.534391
315,1.000000,1942,1,0.533323
316,0.990000,2500,0,0.532256
317,0.970000,2500,0,0.531191
318,1.000000,1354,1,0.530129
319,0.940000,2500,0,0.529069
320,0.980000,2500,0,0.528011
321,0.980000,2500,0,0.526955
322,0.960000,2500,0,0.525901
323,0.950000,2500,0,0.524849
324,1.000000,2355,1,0.523799
325,0.990000,2500,0,0.522752
326,0.990000,2500,0,0.521706
327,0.990000,2500,0,0.520663
328,0.980000,2500,0,0.519621
329,0.970000,2500,0,0.518582
330,0.970000,2500,0,0.517545
331,0.970000,2500,0,0.516510
332,0.930000,2500,0,0.515477
333,0.960000,2500,0,0.514446
334,0.960000,2500,0,0.513417
335,0.970000,2500,0,0.512390
336,0.980000,2500,0,0.511365
337,0.990000,2500,0,0.510343
338,0.970000,2500,0,0.509322
339,0.970000,2500,0,0.508303
340,1.000000,2423,1,0.507287
341,0.960000,2500,0,0.506272
342,0.960000,2500,0,0.505260
343,0.950000,2500,0,0.504249
344,0.970000,2500,0,0.503241
345,0.980000,2500,0,0.502234
346,1.000000,2322,1,0.501230
347,0.950000,2500,0,0.500227
348,0.990000,2500,0,0.499227
349,0.920000,2500,0,0.498228
350,0.990000,2500,0,0.497232
351,0.980000,2500,0,0.496237
352,0.990000,2500,0,0.495245
353,0.990000,2500,0,0.494254
354,0.960000,2500,0,0.493266
355,0.960000,2500,0,0.492279
356,0.950000,2500,0,0.491295
357,0.980000,2500,0,0.490312
358,0.950000,2500,0,0.489332
359,0.980000,2500,0,0.488353
360,0.960000,2500,0,0.487376
361,0.990000,2500,0,0.486401
362,0.940000,2500,0,0.485429
363,0.980000,2500,0,0.484458
364,0.970000,2500,0,0.483489
365,1.000000,2432,1,0.482522
366,0.980000,2500,0,0.481557
367,0.950000,2500,0,0.480594
368,0.990000,2500,0,0.479633
369,0.950000,2500,0,0.478673
370,0.920000,2500,0,0.477716
371,0.970000,2500,0,0.476761
372,0.940000,2500,0,0.475807
373,0.950000,2500,0,0.474855
374,0.920000,2500,0,0.473906
375,0.910000,2500,0,0.472958
376,0.930000,2500,0,0.472012
377,0.960000,2500,0,0.471068
378,0.990000,2500,0,0.470126
379,0.920000,2500,0,0.469186
380,0.920000,2500,0,0.468247
381,0.960000,2500,0,0.467311
382,0.920000,2500,0,0.466376
383,0.960000,2500,0,0.465443
384,0.980000,2500,0,0.464512
385,0.960000,2500,0,0.463583
386,0.950000,2500,0,0.462656
387,0.910000,2500,0,0.461731
388,0.980000,2500,0,0.460807
389,0.990000,2500,0,0.459886
390,0.950000,2500,0,0.458966
391,0.880000,2500,0,0.458048
392,0.970000,2500,0,0.457132
393,0.920000,2500,0,0.456218
394,0.960000,2500,0,0.455305
395,0.970000,2500,0,0.454395
396,0.970000,2500,0,0.453486
397,0.940000,2500,0,0.452579
398,0.880000,2500,0,0.451674
399,0.930000,2500,0,0.450770
400,0.950000,2500,0,0.449869
401,0.850000,2500,0,0.448969
402,0.820000,2500,0,0.448071
403,0.910000,2500,0,0.447175
404,0.960000,2500,0,0.446281
405,0.970000,2500,0,0.445388
406,0.980000,2500,0,0.444497
407,0.910000,2500,0,0.443608
408,0.830000,2500,0,0.442721
409,0.910000,2500,0,0.441836
410,0.990000,2500,0,0.440952
411,0.910000,2500,0,0.440070
412,0.790000,2500,0,0.439190
413,1.000000,1909,1,0.438312
414,0.980000,2500,0,0.437435
415,0.780000,2500,0,0.436560
416,0.910000,2500,0,0.435687
417,0.840000,2500,0,0.434816
418,0.930000,2500,0,0.433946
419,0.920000,2500,0,0.433078
420,0.940000,2500,0,0.432212
421,0.890000,2500,0,0.431348
422,0.820000,2500,0,0.430485
423,0.910000,2500,0,0.429624
424,0.870000,2500,0,0.428765
425,0.890000,2500,0,0.427907
426,0.930000,2500,0,0.427051
427,0.870000,2500,0,0.426197
428,0.860000,2500,0,0.425345
429,0.880000,2500,0,0.424494
430,0.830000,2500,0,0.423645
431,0.980000,2500,0,0.422798
432,0.940000,2500,0,0.421952
433,0.880000,2500,0,0.421108
434,0.940000,2500,0,0.420266
435,0.870000,2500,0,0.419426
436,0.760000,2500,0,0.418587
437,0.710000,2500,0,0.417750
438,0.800000,2500,0,0.416914
439,0.810000,2500,0,0.416080
440,0.850000,2500,0,0.415248
441,0.720000,2500,0,0.414418
442,0.740000,2500,0,0.413589
443,0.870000,2500,0,0.412762
444,0.780000,2500,0,0.411936
445,0.740000,2500,0,0.411112
446,0.950000,2500,0,0.410290
447,0.890000,2500,0,0.409469
448,0.730000,2500,0,0.408650
449,0.960000,2500,0,0.407833
450,0.900000,2500,0,0.407017
451,0.660000,2500,0,0.406203
452,0.980000,2500,0,0.405391
453,0.900000,2500,0,0.404580
454,0.910000,2500,0,0.403771
455,0.720000,2500,0,0.402964
456,0.900000,2500,0,0.402158
457,0.860000,2500,0,0.401353
458,0.770000,2500,0,0.400551
459,0.880000,2500,0,0.399749
460,0.940000,2500,0,0.398950
461,0.930000,2500,0,0.398152
462,0.880000,2500,0,0.397356
463,0.930000,2500,0,0.396561
464,0.910000,2500,0,0.395768
465,0.940000,2500,0,0.394976
466,0.980000,2500,0,0.394186
467,0.920000,2500,0,0.393398
468,0.810000,2500,0,0.392611
469,0.920000,2500,0,0.391826
470,0.980000,2500,0,0.391042
471,0.880000,2500,0,0.390260
472,0.840000,2500,0,0.389480
473,0.940000,2500,0,0.388701
474,0.840000,2500,0,0.387923
475,0.940000,2500,0,0.387148
476,0.940000,2500,0,0.386373
477,0.870000,2500,0,0.385601
478,0.960000,2500,0,0.384829
479,0.960000,2500,0,0.384060
480,0.780000,2500,0,0.383292
481,0.810000,2500,0,0.382525
482,0.920000,2500,0,0.381760
483,0.900000,2500,0,0.380996
484,0.960000,2500,0,0.380234
485,0.950000,2500,0,0.379474
486,0.970000,2500,0,0.378715
487,0.850000,2500,0,0.377958
488,0.820000,2500,0,0.377202
489,0.920000,2500,0,0.376447
490,0.870000,2500,0,0.375694
491,0.890000,2500,0,0.374943
492,0.890000,2500,0,0.374193
493,0.950000,2500,0,0.373445
494,0.810000,2500,0,0.372698
495,0.820000,2500,0,0.371952
496,0.850000,2500,0,0.371209
497,0.820000,2500,0,0.370466
498,1.000000,1575,1,0.369725
499,0.930000,2500,0,0.368986
500,0.840000,2500,0,0.368248
501,0.810000,2500,0,0.367511
502,0.790000,2500,0,0.366776
503,0.910000,2500,0,0.366043
504,0.980000,2500,0,0.365311
505,0.860000,2500,0,0.364580
506,0.840000,2500,0,0.363851
507,0.710000,2500,0,0.363123
508,0.910000,2500,0,0.362397
509,0.850000,2500,0,0.361672
510,0.890000,2500,0,0.360949
511,0.910000,2500,0,0.360227
512,0.930000,2500,0,0.359506
513,0.900000,2500,0,0.358787
514,0.970000,2500,0,0.358070
515,0.750000,2500,0,0.357354
516,0.880000,2500,0,0.356639
517,0.940000,2500,0,0.355926
518,0.910000,2500,0,0.355214
519,0.900000,2500,0,0.354503
520,0.990000,2500,0,0.353794
521,0.930000,2500,0,0.353087
522,0.950000,2500,0,0.352381
523,0.950000,2500,0,0.351676
524,0.960000,2500,0,0.350973
525,0.960000,2500,0,0.350271
526,0.880000,2500,0,0.349570
527,0.950000,2500,0,0.348871
528,0.920000,2500,0,0.348173
529,0.880000,2500,0,0.347477
530,0.920000,2500,0,0.346782
531,0.970000,2500,0,0.346088
532,0.960000,2500,0,0.345396
533,0.920000,2500,0,0.344705
534,0.970000,2500,0,0.344016
535,0.860000,2500,0,0.343328
536,0.870000,2500,0,0.342641
537,0.890000,2500,0,0.341956
538,0.910000,2500,0,0.341272
539,0.860000,2500,0,0.340589
540,0.890000,2500,0,0.339908
541,0.970000,2500,0,0.339228
542,0.940000,2500,0,0.338550
543,0.980000,2500,0,0.337873
544,0.990000,2500,0,0.337197
545,0.960000,2500,0,0.336523
546,0.970000,2500,0,0.335850
547,0.990000,2500,0,0.335178
548,0.950000,2500,0,0.334508
549,0.950000,2500,0,0.333839
550,0.910000,2500,0,0.333171
551,0.950000,2500,0,0.332505
552,1.000000,1031,1,0.331840
553,0.950000,2500,0,0.331176
554,0.940000,2500,0,0.330514
555,0.930000,2500,0,0.329853
556,0.950000,2500,0,0.329193
557,0.920000,2500,0,0.328534
558,0.900000,2500,0,0.327877
559,0.950000,2500,0,0.327222
560,0.960000,2500,0,0.326567
561,0.900000,2500,0,0.325914
562,0.990000,2500,0,0.325262
563,0.980000,2500,0,0.324612
564,0.850000,2500,0,0.323963
565,0.920000,2500,0,0.323315
566,0.950000,2500,0,0.322668
567,0.970000,2500,0,0.322023
568,0.930000,2500,0,0.321379
569,0.990000,2500,0,0.320736
570,0.850000,2500,0,0.320094
571,0.920000,2500,0,0.319454
572,0.920000,2500,0,0.318815
573,0.880000,2500,0,0.318178
574,0.920000,2500,0,0.317541
575,0.930000,2500,0,0.316906
576,0.990000,2500,0,0.316272
577,0.950000,2500,0,0.315640
578,0.830000,2500,0,0.315009
579,0.920000,2500,0,0.314379
580,0.880000,2500,0,0.313750
581,0.700000,2500,0,0.313122
582,0.840000,2500,0,0.312496
583,0.920000,2500,0,0.311871
584,0.950000,2500,0,0.311247
585,0.920000,2500,0,0.310625
586,0.880000,2500,0,0.310004
587,0.880000,2500,0,0.309384
588,0.910000,2500,0,0.308765
589,0.810000,2500,0,0.308147
590,0.960000,2500,0,0.307531
591,0.910000,2500,0,0.306916
592,0.880000,2500,0,0.306302
593,0.910000,2500,0,0.305689
594,0.880000,2500,0,0.305078
595,0.920000,2500,0,0.304468
596,0.940000,2500,0,0.303859
597,0.860000,2500,0,0.303251
598,0.850000,2500,0,0.302645
599,0.890000,2500,0,0.302039
600,0.900000,2500,0,0.301435
601,0.840000,2500,0,0.300833
602,0.860000,2500,0,0.300231
603,0.870000,2500,0,0.299630
604,0.870000,2500,0,0.299031
605,0.760000,2500,0,0.298433
606,0.870000,2500,0,0.297836
607,0.980000,2500,0,0.297241
608,0.940000,2500,0,0.296646
609,0.980000,2500,0,0.296053
610,0.900000,2500,0,0.295461
611,0.800000,2500,0,0.294870
612,0.900000,2500,0,0.294280
613,0.870000,2500,0,0.293691
614,0.840000,2500,0,0.293104
615,0.760000,2500,0,0.292518
616,0.920000,2500,0,0.291933
617,0.870000,2500,0,0.291349
618,0.830000,2500,0,0.290766
619,0.880000,2500,0,0.290185
620,0.830000,2500,0,0.289604
621,0.830000,2500,0,0.289025
622,0.940000,2500,0,0.288447
623,0.880000,2500,0,0.287870
624,0.990000,2500,0,0.287294
625,0.870000,2500,0,0.286720
626,0.960000,2500,0,0.286146
627,0.910000,2500,0,0.285574
628,0.830000,2500,0,0.285003
629,0.830000,2500,0,0.284433
630,0.980000,2500,0,0.283864
631,0.900000,2500,0,0.283296
632,0.930000,2500,0,0.282730
633,0.920000,2500,0,0.282164
634,0.900000,2500,0,0.281600
635,0.830000,2500,0,0.281037
636,0.950000,2500,0,0.280475
637,0.870000,2500,0,0.279914
638,0.800000,2500,0,0.279354
639,0.890000,2500,0,0.278795
640,0.840000,2500,0,0.278238
641,0.920000,2500,0,0.277681
642,0.810000,2500,0,0.277126
643,0.850000,2500,0,0.276572
644,0.850000,2500,0,0.276018
645,0.850000,2500,0,0.275466
646,0.850000,2500,0,0.274915
647,0.920000,2500,0,0.274366
648,0.860000,2500,0,0.273817
649,0.910000,2500,0,0.273269
650,0.900000,2500,0,0.272723
651,0.820000,2500,0,0.272177
652,0.800000,2500,0,0.271633
653,0.900000,2500,0,0.271090
654,0.910000,2500,0,0.270547
655,0.850000,2500,0,0.270006
656,0.910000,2500,0,0.269466
657,0.920000,2500,0,0.268927
658,0.960000,2500,0,0.268390
659,0.860000,2500,0,0.267853
660,0.920000,2500,0,0.267317
661,0.900000,2500,0,0.266782
662,0.840000,2500,0,0.266249
663,0.800000,2500,0,0.265716
664,0.930000,2500,0,0.265185
665,0.910000,2500,0,0.264655
666,0.920000,2500,0,0.264125
667,0.800000,2500,0,0.263597
668,0.880000,2500,0,0.263070
669,0.840000,2500,0,0.262544
670,0.930000,2500,0,0.262019
671,0.890000,2500,0,0.261495
672,0.720000,2500,0,0.260972
673,0.860000,2500,0,0.260450
674,0.800000,2500,0,0.259929
675,0.910000,2500,0,0.259409
676,0.910000,2500,0,0.258890
677,0.860000,2500,0,0.258372
678,0.810000,2500,0,0.257856
679,0.930000,2500,0,0.257340
680,0.950000,2500,0,0.256825
681,0.850000,2500,0,0.256311
682,0.930000,2500,0,0.255799
683,1.000000,2314,1,0.255287
684,0.880000,2500,0,0.254777
685,0.870000,2500,0,0.254267
686,0.950000,2500,0,0.253759
687,0.940000,2500,0,0.253251
688,0.910000,2500,0,0.252745
689,0.900000,2500,0,0.252239
690,0.980000,2500,0,0.251735
691,0.930000,2500,0,0.251231
692,0.950000,2500,0,0.250729
693,0.950000,2500,0,0.250227
694,0.870000,2500,0,0.249727
695,0.890000,2500,0,0.249227
696,0.880000,2500,0,0.248729
697,0.920000,2500,0,0.248231
698,0.950000,2500,0,0.247735
699,0.960000,2500,0,0.247239
700,0.990000,2500,0,0.246745
701,0.930000,2500,0,0.246252
702,0.970000,2500,0,0.245759
703,0.920000,2500,0,0.245267
704,0.980000,2500,0,0.244777
705,0.960000,2500,0,0.244287
706,0.920000,2500,0,0.243799
707,0.930000,2500,0,0.243311
708,0.900000,2500,0,0.242825
709,0.850000,2500,0,0.242339
710,0.910000,2500,0,0.241854
711,0.810000,2500,0,0.241371
712,0.920000,2500,0,0.240888
713,0.780000,2500,0,0.240406
714,0.970000,2500,0,0.239925
715,0.880000,2500,0,0.239445
716,0.890000,2500,0,0.238966
717,0.870000,2500,0,0.238489
718,0.930000,2500,0,0.238012
719,0.800000,2500,0,0.237536
720,0.920000,2500,0,0.237060
721,0.990000,2500,0,0.236586
722,0.930000,2500,0,0.236113
723,0.970000,2500,0,0.235641
724,0.880000,2500,0,0.235170
725,0.910000,2500,0,0.234699
726,0.930000,2500,0,0.234230
727,0.740000,2500,0,0.233761
728,0.860000,2500,0,0.233294
729,0.900000,2500,0,0.232827
730,0.540000,2500,0,0.232362
731,0.800000,2500,0,0.231897
732,0.920000,2500,0,0.231433
733,0.910000,2500,0,0.230970
734,0.930000,2500,0,0.230508
735,0.900000,2500,0,0.230047
736,0.970000,2500,0,0.229587
737,0.900000,2500,0,0.229128
738,0.880000,2500,0,0.228670
739,0.450000,2500,0,0.228213
740,0.990000,2500,0,0.227756
741,0.900000,2500,0,0.227301
742,1.000000,2102,1,0.226846
743,0.980000,2500,0,0.226392
744,0.910000,2500,0,0.225940
745,0.930000,2500,0,0.225488
746,0.970000,2500,0,0.225037
747,0.860000,2500,0,0.224587
748,0.960000,2500,0,0.224137
749,0.800000,2500,0,0.223689
750,0.990000,2500,0,0.223242
751,0.970000,2500,0,0.222795
752,0.890000,2500,0,0.222350
753,0.900000,2500,0,0.221905
754,0.950000,2500,0,0.221461
755,0.990000,2500,0,0.221018
756,0.850000,2500,0,0.220576
757,0.820000,2500,0,0.220135
758,0.860000,2500,0,0.219695
759,0.760000,2500,0,0.219255
760,0.770000,2500,0,0.218817
761,0.830000,2500,0,0.218379
762,0.900000,2500,0,0.217942
763,0.970000,2500,0,0.217507
764,0.890000,2500,0,0.217072
765,0.880000,2500,0,0.216637
766,0.890000,2500,0,0.216204
767,0.840000,2500,0,0.215772
768,0.980000,2500,0,0.215340
769,0.770000,2500,0,0.214910
770,0.820000,2500,0,0.214480
771,0.890000,2500,0,0.214051
772,0.880000,2500,0,0.213623
773,0.900000,2500,0,0.213195
774,0.990000,2500,0,0.212769
775,0.870000,2500,0,0.212343
776,0.740000,2500,0,0.211919
777,0.950000,2500,0,0.211495
778,0.810000,2500,0,0.211072
779,0.940000,2500,0,0.210650
780,0.900000,2500,0,0.210229
781,0.950000,2500,0,0.209808
782,0.860000,2500,0,0.209388
783,0.870000,2500,0,0.208970
784,0.790000,2500,0,0.208552
785,0.960000,2500,0,0.208135
786,0.860000,2500,0,0.207718
787,0.950000,2500,0,0.207303
788,0.840000,2500,0,0.206888
789,0.840000,2500,0,0.206475
790,0.770000,2500,0,0.206062
791,0.770000,2500,0,0.205649
792,0.920000,2500,0,0.205238
793,0.940000,2500,0,0.204828
794,0.970000,2500,0,0.204418
795,0.890000,2500,0,0.204009
796,0.850000,2500,0,0.203601
797,0.890000,2500,0,0.203194
798,0.930000,2500,0,0.202788
799,0.960000,2500,0,0.202382
800,0.880000,2500,0,0.201977
801,0.850000,2500,0,0.201573
802,0.870000,2500,0,0.201170
803,0.810000,2500,0,0.200768
804,0.910000,2500,0,0.200366
805,0.940000,2500,0,0.199966
806,0.880000,2500,0,0.199566
807,0.900000,2500,0,0.199166
808,0.910000,2500,0,0.198768
809,0.840000,2500,0,0.198371
810,0.860000,2500,0,0.197974
811,0.890000,2500,0,0.197578
812,0.960000,2500,0,0.197183
813,0.720000,2500,0,0.196788
814,0.910000,2500,0,0.196395
815,0.860000,2500,0,0.196002
816,0.950000,2500,0,0.195610
817,0.940000,2500,0,0.195219
818,0.900000,2500,0,0.194828
819,0.990000,2500,0,0.194439
820,0.940000,2500,0,0.194050
821,0.960000,2500,0,0.193662
822,0.900000,2500,0,0.193274
823,0.890000,2500,0,0.192888
824,0.930000,2500,0,0.192502
825,0.930000,2500,0,0.192117
826,0.810000,2500,0,0.191733
827,0.740000,2500,0,0.191349
828,0.920000,2500,0,0.190967
829,0.930000,2500,0,0.190585
830,0.870000,2500,0,0.190204
831,0.910000,2500,0,0.189823
832,0.930000,2500,0,0.189444
833,0.870000,2500,0,0.189065
834,0.790000,2500,0,0.188687
835,0.750000,2500,0,0.188309
836,0.910000,2500,0,0.187933
837,0.930000,2500,0,0.187557
838,0.910000,2500,0,0.187182
839,0.830000,2500,0,0.186807
840,0.880000,2500,0,0.186434
841,0.900000,2500,0,0.186061
842,0.750000,2500,0,0.185689
843,0.860000,2500,0,0.185317
844,0.870000,2500,0,0.184947
845,0.860000,2500,0,0.184577
846,0.970000,2500,0,0.184208
847,0.880000,2500,0,0.183839
848,0.970000,2500,0,0.183471
849,0.960000,2500,0,0.183104
850,0.900000,2500,0,0.182738
851,0.960000,2500,0,0.182373
852,0.870000,2500,0,0.182008
853,0.830000,2500,0,0.181644
854,0.860000,2500,0,0.181281
855,0.930000,2500,0,0.180918
856,0.910000,2500,0,0.180556
857,0.950000,2500,0,0.180195
858,0.820000,2500,0,0.179835
859,0.920000,2500,0,0.179475
860,0.870000,2500,0,0.179116
861,0.930000,2500,0,0.178758
862,0.740000,2500,0,0.178400
863,0.950000,2500,0,0.178044
864,0.830000,2500,0,0.177688
865,0.910000,2500,0,0.177332
866,0.950000,2500,0,0.176978
867,0.910000,2500,0,0.176624
868,0.880000,2500,0,0.176270
869,0.910000,2500,0,0.175918
870,0.730000,2500,0,0.175566
871,0.970000,2500,0,0.175215
872,0.990000,2500,0,0.174864
873,0.820000,2500,0,0.174515
874,0.900000,2500,0,0.174166
875,0.940000,2500,0,0.173817
876,0.910000,2500,0,0.173470
877,0.760000,2500,0,0.173123
878,0.930000,2500,0,0.172777
879,0.880000,2500,0,0.172431
880,0.910000,2500,0,0.172086
881,0.880000,2500,0,0.171742
882,0.900000,2500,0,0.171398
883,0.930000,2500,0,0.171056
884,0.860000,2500,0,0.170714
885,0.910000,2500,0,0.170372
886,0.930000,2500,0,0.170031
887,0.940000,2500,0,0.169691
888,0.900000,2500,0,0.169352
889,0.870000,2500,0,0.169013
890,0.920000,2500,0,0.168675
891,0.810000,2500,0,0.168338
892,0.840000,2500,0,0.168001
893,0.810000,2500,0,0.167665
894,0.920000,2500,0,0.167330
895,0.920000,2500,0,0.166995
896,0.930000,2500,0,0.166661
897,0.920000,2500,0,0.166328
898,0.940000,2500,0,0.165995
899,0.890000,2500,0,0.165663
900,0.940000,2500,0,0.165332
901,0.890000,2500,0,0.165001
902,0.780000,2500,0,0.164671
903,0.840000,2500,0,0.164342
904,0.940000,2500,0,0.164013
905,0.890000,2500,0,0.163685
906,0.840000,2500,0,0.163358
907,0.950000,2500,0,0.163031
908,0.940000,2500,0,0.162705
909,0.890000,2500,0,0.162380
910,0.880000,2500,0,0.162055
911,0.940000,2500,0,0.161731
912,0.730000,2500,0,0.161407
913,0.920000,2500,0,0.161084
914,0.940000,2500,0,0.160762
915,0.920000,2500,0,0.160441
916,0.760000,2500,0,0.160120
917,0.950000,2500,0,0.159800
918,0.890000,2500,0,0.159480
919,0.940000,2500,0,0.159161
920,0.970000,2500,0,0.158843
921,0.960000,2500,0,0.158525
922,0.940000,2500,0,0.158208
923,0.900000,2500,0,0.157892
924,0.940000,2500,0,0.157576
925,0.950000,2500,0,0.157261
926,0.900000,2500,0,0.156946
927,0.830000,2500,0,0.156632
928,0.800000,2500,0,0.156319
929,0.870000,2500,0,0.156006
930,0.930000,2500,0,0.155694
931,0.820000,2500,0,0.155383
932,0.800000,2500,0,0.155072
933,0.850000,2500,0,0.154762
934,0.910000,2500,0,0.154453
935,0.760000,2500,0,0.154144
936,0.800000,2500,0,0.153835
937,0.960000,2500,0,0.153528
938,0.860000,2500,0,0.153221
939,0.910000,2500,0,0.152914
940,0.950000,2500,0,0.152608
941,0.850000,2500,0,0.152303
942,0.960000,2500,0,0.151999
943,0.800000,2500,0,0.151695
944,0.930000,2500,0,0.151391
945,0.890000,2500,0,0.151088
946,0.850000,2500,0,0.150786
947,0.830000,2500,0,0.150485
948,0.900000,2500,0,0.150184
949,0.740000,2500,0,0.149883
950,0.880000,2500,0,0.149583
951,0.850000,2500,0,0.149284
952,0.970000,2500,0,0.148986
953,0.920000,2500,0,0.148688
954,0.880000,2500,0,0.148390
955,0.930000,2500,0,0.148094
956,0.850000,2500,0,0.147797
957,0.920000,2500,0,0.147502
958,0.940000,2500,0,0.147207
959,0.870000,2500,0,0.146912
960,0.930000,2500,0,0.146619
961,0.910000,2500,0,0.146325
962,0.920000,2500,0,0.146033
963,0.770000,2500,0,0.145741
964,0.830000,2500,0,0.145449
965,0.940000,2500,0,0.145158
966,0.910000,2500,0,0.144868
967,0.910000,2500,0,0.144578
968,0.920000,2500,0,0.144289
969,0.950000,2500,0,0.144000
970,0.910000,2500,0,0.143712
971,0.790000,2500,0,0.143425
972,0.940000,2500,0,0.143138
973,0.870000,2500,0,0.142852
974,0.770000,2500,0,0.142566
975,0.790000,2500,0,0.142281
976,0.900000,2500,0,0.141997
977,0.530000,2500,0,0.141713
978,0.950000,2500,0,0.141429
979,0.930000,2500,0,0.141146
980,0.940000,2500,0,0.140864
981,0.820000,2500,0,0.140582
982,0.880000,2500,0,0.140301
983,0.810000,2500,0,0.140020
984,0.750000,2500,0,0.139740
985,0.660000,2500,0,0.139461
986,0.780000,2500,0,0.139182
987,0.910000,2500,0,0.138904
988,1.000000,2266,1,0.138626
989,0.810000,2500,0,0.138349
990,0.960000,2500,0,0.138072
991,0.900000,2500,0,0.137796
992,0.820000,2500,0,0.137520
993,0.950000,2500,0,0.137245
994,0.980000,2500,0,0.136971
995,0.760000,2500,0,0.136697
996,0.870000,2500,0,0.136423
997,0.950000,2500,0,0.136150
998,0.930000,2500,0,0.135878
999,0.820000,2500,0,0.135606
1000,0.950000,2500,0,0.135335
1001,0.910000,2500,0,0.135065
1002,0.800000,2500,0,0.134794
1003,0.900000,2500,0,0.134525
1004,0.910000,2500,0,0.134256
1005,0.610000,2500,0,0.133987
1006,0.870000,2500,0,0.133719
1007,0.920000,2500,0,0.133452
1008,0.860000,2500,0,0.133185
1009,0.980000,2500,0,0.132919
1010,0.880000,2500,0,0.132653
1011,0.810000,2500,0,0.132387
1012,0.770000,2500,0,0.132123
1013,0.960000,2500,0,0.131858
1014,0.930000,2500,0,0.131595
1015,0.720000,2500,0,0.131331
1016,0.860000,2500,0,0.131069
1017,0.840000,2500,0,0.130807
1018,0.890000,2500,0,0.130545
1019,0.870000,2500,0,0.130284
1020,0.950000,2500,0,0.130023
1021,0.890000,2500,0,0.129763
1022,0.880000,2500,0,0.129504
1023,0.930000,2500,0,0.129245
1024,0.880000,2500,0,0.128986
1025,0.840000,2500,0,0.128728
1026,0.750000,2500,0,0.128471
1027,0.900000,2500,0,0.128214
1028,0.820000,2500,0,0.127958
1029,0.950000,2500,0,0.127702
1030,0.960000,2500,0,0.127446
1031,0.820000,2500,0,0.127191
1032,0.880000,2500,0,0.126937
1033,0.790000,2500,0,0.126683
1034,0.940000,2500,0,0.126430
1035,0.910000,2500,0,0.126177
1036,0.950000,2500,0,0.125924
1037,0.930000,2500,0,0.125673
1038,0.770000,2500,0,0.125421
1039,0.940000,2500,0,0.125170
1040,0.730000,2500,0,0.124920
1041,0.870000,2500,0,0.124670
1042,0.830000,2500,0,0.124421
1043,0.840000,2500,0,0.124172
1044,0.740000,2500,0,0.123924
1045,0.850000,2500,0,0.123676
1046,0.910000,2500,0,0.123429
1047,0.870000,2500,0,0.123182
1048,0.750000,2500,0,0.122935
1049,0.920000,2500,0,0.122689
1050,0.850000,2500,0,0.122444
1051,0.820000,2500,0,0.122199
1052,0.890000,2500,0,0.121955
1053,0.850000,2500,0,0.121711
1054,0.800000,2500,0,0.121467
1055,0.750000,2500,0,0.121225
1056,0.820000,2500,0,0.120982
1057,0.810000,2500,0,0.120740
1058,0.760000,2500,0,0.120499
1059,0.830000,2500,0,0.120258
1060,0.920000,2500,0,0.120017
1061,0.850000,2500,0,0.119777
1062,0.950000,2500,0,0.119538
1063,0.760000,2500,0,0.119298
1064,0.790000,2500,0,0.119060
1065,0.930000,2500,0,0.118822
1066,0.890000,2500,0,0.118584
1067,0.880000,2500,0,0.118347
1068,0.800000,2500,0,0.118110
1069,0.710000,2500,0,0.117874
1070,0.800000,2500,0,0.117638
1071,0.920000,2500,0,0.117403
1072,0.940000,2500,0,0.117168
1073,0.920000,2500,0,0.116934
1074,0.910000,2500,0,0.116700
1075,0.860000,2500,0,0.116467
1076,0.860000,2500,0,0.116234
1077,0.900000,2500,0,0.116001
1078,0.950000,2500,0,0.115769
1079,0.850000,2500,0,0.115538
1080,0.940000,2500,0,0.115307
1081,0.870000,2500,0,0.115076
1082,0.850000,2500,0,0.114846
1083,0.720000,2500,0,0.114616
1084,0.940000,2500,0,0.114387
1085,0.980000,2500,0,0.114158
1086,0.890000,2500,0,0.113930
1087,0.970000,2500,0,0.113702
1088,0.960000,2500,0,0.113475
1089,0.910000,2500,0,0.113248
1090,0.810000,2500,0,0.113021
1091,0.940000,2500,0,0.112795
1092,0.880000,2500,0,0.112569
1093,0.910000,2500,0,0.112344
1094,0.850000,2500,0,0.112120
1095,0.880000,2500,0,0.111895
1096,0.680000,2500,0,0.111672
1097,0.880000,2500,0,0.111448
1098,0.880000,2500,0,0.111225
1099,0.870000,2500,0,0.111003
1100,0.920000,2500,0,0.110781
1101,0.840000,2500,0,0.110559
1102,0.840000,2500,0,0.110338
1103,0.950000,2500,0,0.110118
1104,0.870000,2500,0,0.109897
1105,0.910000,2500,0,0.109678
1106,0.740000,2500,0,0.109458
1107,0.860000,2500,0,0.109239
1108,0.950000,2500,0,0.109021
1109,0.810000,2500,0,0.108803
1110,0.760000,2500,0,0.108585
1111,0.920000,2500,0,0.108368
1112,0.920000,2500,0,0.108151
1113,0.800000,2500,0,0.107935
1114,0.830000,2500,0,0.107719
1115,0.880000,2500,0,0.107504
1116,0.740000,2500,0,0.107289
1117,0.870000,2500,0,0.107074
1118,0.790000,2500,0,0.106860
1119,0.780000,2500,0,0.106646
1120,0.760000,2500,0,0.106433
1121,0.680000,2500,0,0.106220
1122,0.760000,2500,0,0.106008
1123,0.870000,2500,0,0.105796
1124,0.870000,2500,0,0.105584
1125,0.830000,2500,0,0.105373
1126,0.790000,2500,0,0.105162
1127,0.920000,2500,0,0.104952
1128,0.860000,2500,0,0.104742
1129,0.790000,2500,0,0.104532
1130,0.850000,2500,0,0.104323
1131,0.880000,2500,0,0.104115
1132,0.790000,2500,0,0.103906
1133,0.810000,2500,0,0.103699
1134,0.790000,2500,0,0.103491
1135,0.860000,2500,0,0.103284
1136,0.780000,2500,0,0.103078
1137,0.750000,2500,0,0.102871
1138,0.790000,2500,0,0.102666
1139,0.750000,2500,0,0.102460
1140,0.850000,2500,0,0.102255
1141,0.870000,2500,0,0.102051
1142,0.950000,2500,0,0.101847
1143,0.730000,2500,0,0.101643
1144,0.800000,2500,0,0.101440
1145,0.850000,2500,0,0.101237
1146,0.720000,2500,0,0.101035
1147,0.710000,2500,0,0.100832
1148,0.670000,2500,0,0.100631
1149,0.930000,2500,0,0.100430
1150,0.850000,2500,0,0.100229
1151,0.710000,2500,0,0.100028
1152,0.770000,2500,0,0.099828
1153,0.830000,2500,0,0.099628
1154,0.830000,2500,0,0.099429
1155,0.720000,2500,0,0.099230
1156,0.870000,2500,0,0.099032
1157,0.780000,2500,0,0.098834
1158,0.850000,2500,0,0.098636
1159,0.930000,2500,0,0.098439
1160,0.840000,2500,0,0.098242
1161,0.830000,2500,0,0.098046
1162,0.860000,2500,0,0.097849
1163,0.910000,2500,0,0.097654
1164,0.990000,2500,0,0.097458
1165,0.720000,2500,0,0.097264
1166,0.900000,2500,0,0.097069
1167,0.880000,2500,0,0.096875
1168,0.940000,2500,0,0.096681
1169,0.620000,2500,0,0.096488
1170,0.960000,2500,0,0.096295
1171,0.820000,2500,0,0.096102
1172,0.850000,2500,0,0.095910
1173,0.960000,2500,0,0.095718
1174,0.880000,2500,0,0.095527
1175,0.650000,2500,0,0.095336
1176,0.820000,2500,0,0.095145
1177,0.830000,2500,0,0.094955
1178,0.920000,2500,0,0.094765
1179,0.890000,2500,0,0.094575
1180,0.800000,2500,0,0.094386
1181,0.900000,2500,0,0.094197
1182,0.870000,2500,0,0.094009
1183,0.730000,2500,0,0.093821
1184,0.820000,2500,0,0.093633
1185,0.800000,2500,0,0.093446
1186,0.780000,2500,0,0.093259
1187,0.830000,2500,0,0.093073
1188,0.890000,2500,0,0.092886
1189,0.890000,2500,0,0.092701
1190,0.730000,2500,0,0.092515
1191,0.680000,2500,0,0.092330
1192,0.740000,2500,0,0.092146
1193,0.770000,2500,0,0.091961
1194,0.860000,2500,0,0.091777
1195,0.830000,2500,0,0.091594
1196,0.880000,2500,0,0.091411
1197,0.780000,2500,0,0.091228
1198,0.880000,2500,0,0.091045
1199,0.650000,2500,0,0.090863
1200,0.770000,2500,0,0.090682
1201,0.870000,2500,0,0.090500
1202,0.750000,2500,0,0.090319
1203,0.650000,2500,0,0.090139
1204,0.870000,2500,0,0.089958
1205,0.790000,2500,0,0.089778
1206,0.780000,2500,0,0.089599
1207,0.780000,2500,0,0.089420
1208,0.830000,2500,0,0.089241
1209,0.880000,2500,0,0.089062
1210,0.870000,2500,0,0.088884
1211,0.750000,2500,0,0.088706
1212,0.900000,2500,0,0.088529
1213,0.890000,2500,0,0.088352
1214,0.900000,2500,0,0.088175
1215,0.900000,2500,0,0.087999
1216,0.650000,2500,0,0.087823
1217,0.800000,2500,0,0.087647
1218,0.810000,2500,0,0.087472
1219,0.900000,2500,0,0.087297
1220,0.550000,2500,0,0.087122
1221,0.810000,2500,0,0.086948
1222,0.930000,2500,0,0.086774
1223,0.940000,2500,0,0.086601
1224,0.850000,2500,0,0.086428
1225,0.840000,2500,0,0.086255
1226,0.860000,2500,0,0.086082
1227,0.750000,2500,0,0.085910
1228,0.930000,2500,0,0.085738
1229,0.820000,2500,0,0.085567
1230,0.900000,2500,0,0.085396
1231,0.690000,2500,0,0.085225
1232,0.880000,2500,0,0.085054
1233,0.920000,2500,0,0.084884
1234,0.910000,2500,0,0.084714
1235,0.840000,2500,0,0.084545
1236,0.750000,2500,0,0.084376
1237,0.910000,2500,0,0.084207
1238,0.760000,2500,0,0.084039
1239,0.830000,2500,0,0.083871
1240,0.680000,2500,0,0.083703
1241,0.810000,2500,0,0.083536
1242,0.790000,2500,0,0.083368
1243,0.900000,2500,0,0.083202
1244,0.760000,2500,0,0.083035
1245,0.890000,2500,0,0.082869
1246,0.910000,2500,0,0.082704
1247,0.830000,2500,0,0.082538
1248,0.910000,2500,0,0.082373
1249,0.800000,2500,0,0.082208
1250,0.750000,2500,0,0.082044
1251,0.700000,2500,0,0.081880
1252,0.780000,2500,0,0.081716
1253,0.750000,2500,0,0.081553
1254,0.840000,2500,0,0.081389
1255,0.800000,2500,0,0.081227
1256,0.830000,2500,0,0.081064
1257,0.880000,2500,0,0.080902
1258,0.810000,2500,0,0.080740
1259,0.790000,2500,0,0.080579
1260,0.910000,2500,0,0.080418
1261,0.840000,2500,0,0.080257
1262,0.800000,2500,0,0.080096
1263,0.870000,2500,0,0.079936
1264,0.890000,2500,0,0.079776
1265,0.860000,2500,0,0.079617
1266,0.920000,2500,0,0.079457
1267,0.790000,2500,0,0.079299
1268,0.940000,2500,0,0.079140
1269,0.730000,2500,0,0.078982
1270,0.860000,2500,0,0.078824
1271,0.850000,2500,0,0.078666
1272,0.770000,2500,0,0.078509
1273,0.810000,2500,0,0.078352
1274,0.850000,2500,0,0.078195
1275,0.870000,2500,0,0.078039
1276,0.900000,2500,0,0.077883
1277,0.830000,2500,0,0.077727
1278,0.750000,2500,0,0.077571
1279,0.750000,2500,0,0.077416
1280,0.850000,2500,0,0.077261
1281,0.780000,2500,0,0.077107
1282,0.840000,2500,0,0.076953
1283,0.820000,2500,0,0.076799
1284,0.860000,2500,0,0.076645
1285,0.930000,2500,0,0.076492
1286,0.740000,2500,0,0.076339
1287,0.880000,2500,0,0.076186
1288,0.750000,2500,0,0.076034
1289,0.840000,2500,0,0.075882
1290,0.820000,2500,0,0.075730
1291,0.910000,2500,0,0.075578
1292,0.860000,2500,0,0.075427
1293,0.860000,2500,0,0.075276
1294,0.950000,2500,0,0.075126
1295,0.890000,2500,0,0.074976
1296,0.830000,2500,0,0.074826
1297,0.900000,2500,0,0.074676
1298,0.790000,2500,0,0.074527
1299,0.920000,2500,0,0.074378
1300,0.890000,2500,0,0.074229
1301,0.930000,2500,0,0.074080
1302,0.750000,2500,0,0.073932
1303,0.740000,2500,0,0.073784
1304,0.810000,2500,0,0.073637
1305,0.910000,2500,0,0.073490
1306,0.900000,2500,0,0.073343
1307,0.730000,2500,0,0.073196
1308,0.830000,2500,0,0.073050
1309,0.830000,2500,0,0.072903
1310,0.590000,2500,0,0.072758
1311,0.720000,2500,0,0.072612
1312,0.850000,2500,0,0.072467
1313,0.560000,2500,0,0.072322
1314,0.800000,2500,0,0.072177
1315,0.840000,2500,0,0.072033
1316,0.890000,2500,0,0.071889
1317,0.860000,2500,0,0.071745
1318,0.870000,2500,0,0.071602
1319,0.910000,2500,0,0.071458
1320,0.880000,2500,0,0.071316
1321,0.880000,2500,0,0.071173
1322,0.850000,2500,0,0.071031
1323,0.830000,2500,0,0.070888
1324,0.900000,2500,0,0.070747
1325,0.780000,2500,0,0.070605
1326,0.770000,2500,0,0.070464
1327,0.820000,2500,0,0.070323
1328,0.750000,2500,0,0.070182
1329,0.880000,2500,0,0.070042
1330,0.870000,2500,0,0.069902
1331,0.920000,2500,0,0.069762
1332,0.910000,2500,0,0.069623
1333,0.900000,2500,0,0.069483
1334,0.940000,2500,0,0.069344
1335,0.900000,2500,0,0.069206
1336,0.640000,2500,0,0.069067
1337,0.920000,2500,0,0.068929
1338,0.800000,2500,0,0.068791
1339,0.830000,2500,0,0.068654
1340,0.950000,2500,0,0.068516
1341,0.900000,2500,0,0.068379
1342,0.730000,2500,0,0.068243
1343,0.870000,2500,0,0.068106
1344,0.860000,2500,0,0.067970
1345,0.830000,2500,0,0.067834
1346,0.870000,2500,0,0.067698
1347,0.850000,2500,0,0.067563
1348,0.810000,2500,0,0.067428
1349,0.810000,2500,0,0.067293
1350,0.990000,2500,0,0.067158
1351,0.920000,2500,0,0.067024
1352,0.780000,2500,0,0.066890
1353,0.810000,2500,0,0.066756
1354,0.890000,2500,0,0.066623
1355,0.880000,2500,0,0.066489
1356,0.730000,2500,0,0.066356
1357,0.780000,2500,0,0.066224
1358,0.940000,2500,0,0.066091
1359,0.730000,2500,0,0.065959
1360,0.910000,2500,0,0.065827
1361,0.890000,2500,0,0.065696
1362,0.870000,2500,0,0.065564
1363,0.880000,2500,0,0.065433
1364,0.800000,2500,0,0.065302
1365,0.870000,2500,0,0.065172
1366,0.910000,2500,0,0.065041
1367,0.810000,2500,0,0.064911
1368,0.940000,2500,0,0.064781
1369,0.780000,2500,0,0.064652
1370,0.730000,2500,0,0.064522
1371,0.940000,2500,0,0.064393
1372,0.890000,2500,0,0.064265
1373,0.850000,2500,0,0.064136
1374,0.720000,2500,0,0.064008
1375,0.850000,2500,0,0.063880
1376,0.880000,2500,0,0.063752
1377,0.910000,2500,0,0.063625
1378,0.890000,2500,0,0.063497
1379,0.890000,2500,0,0.063370
1380,0.720000,2500,0,0.063244
1381,0.760000,2500,0,0.063117
1382,0.900000,2500,0,0.062991
1383,0.870000,2500,0,0.062865
1384,0.710000,2500,0,0.062739
1385,0.620000,2500,0,0.062614
1386,0.680000,2500,0,0.062488
1387,0.860000,2500,0,0.062363
1388,0.690000,2500,0,0.062239
1389,0.820000,2500,0,0.062114
1390,0.890000,2500,0,0.061990
1391,0.830000,2500,0,0.061866
1392,0.710000,2500,0,0.061742
1393,0.780000,2500,0,0.061619
1394,0.810000,2500,0,0.061496
1395,0.710000,2500,0,0.061373
1396,0.890000,2500,0,0.061250
1397,0.810000,2500,0,0.061127
1398,0.860000,2500,0,0.061005
1399,0.830000,2500,0,0.060883
1400,0.700000,2500,0,0.060761
1401,0.820000,2500,0,0.060640
1402,0.840000,2500,0,0.060519
1403,0.820000,2500,0,0.060397
1404,0.850000,2500,0,0.060277
1405,0.910000,2500,0,0.060156
1406,0.880000,2500,0,0.060036
1407,0.920000,2500,0,0.059916
1408,0.850000,2500,0,0.059796
1409,0.900000,2500,0,0.059676
1410,0.790000,2500,0,0.059557
1411,0.950000,2500,0,0.059438
1412,0.690000,2500,0,0.059319
1413,0.870000,2500,0,0.059200
1414,0.890000,2500,0,0.059082
1415,0.660000,2500,0,0.058964
1416,0.870000,2500,0,0.058846
1417,0.880000,2500,0,0.058728
1418,0.850000,2500,0,0.058611
1419,0.810000,2500,0,0.058493
1420,0.850000,2500,0,0.058377
1421,0.840000,2500,0,0.058260
1422,0.790000,2500,0,0.058143
1423,0.770000,2500,0,0.058027
1424,0.710000,2500,0,0.057911
1425,0.870000,2500,0,0.057795
1426,0.870000,2500,0,0.057679
1427,0.760000,2500,0,0.057564
1428,0.850000,2500,0,0.057449
1429,0.820000,2500,0,0.057334
1430,0.830000,2500,0,0.057219
1431,0.860000,2500,0,0.057105
1432,0.890000,2500,0,0.056991
1433,0.860000,2500,0,0.056877
1434,0.820000,2500,0,0.056763
1435,0.840000,2500,0,0.056650
1436,0.780000,2500,0,0.056536
1437,0.790000,2500,0,0.056423
1438,0.870000,2500,0,0.056310
1439,0.730000,2500,0,0.056198
1440,0.900000,2500,0,0.056085
1441,0.910000,2500,0,0.055973
1442,0.760000,2500,0,0.055861
1443,0.830000,2500,0,0.055749
1444,0.630000,2500,0,0.055638
1445,0.830000,2500,0,0.055527
1446,0.730000,2500,0,0.055416
1447,0.650000,2500,0,0.055305
1448,0.700000,2500,0,0.055194
1449,0.780000,2500,0,0.055084
1450,0.930000,2500,0,0.054974
1451,0.660000,2500,0,0.054864
1452,0.840000,2500,0,0.054754
1453,0.850000,2500,0,0.054644
1454,0.900000,2500,0,0.054535
1455,0.850000,2500,0,0.054426
1456,0.740000,2500,0,0.054317
1457,0.800000,2500,0,0.054209
1458,0.870000,2500,0,0.054100
1459,0.700000,2500,0,0.053992
1460,0.800000,2500,0,0.053884
1461,0.840000,2500,0,0.053776
1462,0.790000,2500,0,0.053669
1463,0.780000,2500,0,0.053561
1464,0.870000,2500,0,0.053454
1465,0.830000,2500,0,0.053347
1466,0.680000,2500,0,0.053241
1467,0.640000,2500,0,0.053134
1468,0.690000,2500,0,0.053028
1469,0.840000,2500,0,0.052922
1470,0.740000,2500,0,0.052816
1471,0.840000,2500,0,0.052710
1472,0.780000,2500,0,0.052605
1473,0.860000,2500,0,0.052500
1474,0.910000,2500,0,0.052395
1475,0.870000,2500,0,0.052290
1476,0.620000,2500,0,0.052185
1477,0.870000,2500,0,0.052081
1478,0.830000,2500,0,0.051977
1479,0.790000,2500,0,0.051873
1480,0.840000,2500,0,0.051769
1481,0.760000,2500,0,0.051666
1482,0.840000,2500,0,0.051562
1483,0.880000,2500,0,0.051459
1484,0.830000,2500,0,0.051356
1485,0.850000,2500,0,0.051253
1486,0.870000,2500,0,0.051151
1487,0.920000,2500,0,0.051049
1488,0.790000,2500,0,0.050947
1489,0.760000,2500,0,0.050845
1490,0.870000,2500,0,0.050743
1491,0.680000,2500,0,0.050641
1492,0.770000,2500,0,0.050540
1493,0.870000,2500,0,0.050439
1494,0.730000,2500,0,0.050338
1495,0.860000,2500,0,0.050238
1496,0.760000,2500,0,0.050137
1497,0.610000,2500,0,0.050037
1498,0.800000,2500,0,0.050000
1499,0.920000,2500,0,0.050000
1500,0.740000,2500,0,0.050000
1501,0.810000,2500,0,0.050000
1502,0.840000,2500,0,0.050000
1503,0.860000,2500,0,0.050000
1504,0.880000,2500,0,0.050000
1505,0.840000,2500,0,0.050000
1506,0.810000,2500,0,0.050000
1507,0.640000,2500,0,0.050000
1508,0.910000,2500,0,0.050000
1509,0.640000,2500,0,0.050000
1510,0.950000,2500,0,0.050000
1511,0.820000,2500,0,0.050000
1512,0.880000,2500,0,0.050000
1513,0.930000,2500,0,0.050000
1514,0.740000,2500,0,0.050000
1515,0.860000,2500,0,0.050000
1516,0.780000,2500,0,0.050000
1517,0.770000,2500,0,0.050000
1518,0.650000,2500,0,0.050000
1519,0.830000,2500,0,0.050000
1520,0.910000,2500,0,0.050000
1521,0.860000,2500,0,0.050000
1522,0.930000,2500,0,0.050000
1523,0.910000,2500,0,0.050000
1524,0.590000,2500,0,0.050000
1525,0.740000,2500,0,0.050000
1526,0.860000,2500,0,0.050000
1527,0.860000,2500,0,0.050000
1528,0.900000,2500,0,0.050000
1529,0.760000,2500,0,0.050000
1530,0.870000,2500,0,0.050000
1531,0.760000,2500,0,0.050000
1532,0.720000,2500,0,0.050000
1533,0.670000,2500,0,0.050000
1534,0.860000,2500,0,0.050000
1535,0.820000,2500,0,0.050000
1536,0.920000,2500,0,0.050000
1537,0.690000,2500,0,0.050000
1538,0.730000,2500,0,0.050000
1539,0.800000,2500,0,0.050000
1540,0.790000,2500,0,0.050000
1541,0.710000,2500,0,0.050000
1542,0.830000,2500,0,0.050000
1543,0.670000,2500,0,0.050000
1544,0.720000,2500,0,0.050000
1545,0.870000,2500,0,0.050000
1546,0.810000,2500,0,0.050000
1547,0.930000,2500,0,0.050000
1548,0.870000,2500,0,0.050000
1549,0.830000,2500,0,0.050000
1550,0.790000,2500,0,0.050000
1551,0.700000,2500,0,0.050000
1552,0.810000,2500,0,0.050000
1553,0.830000,2500,0,0.050000
1554,0.840000,2500,0,0.050000
1555,0.840000,2500,0,0.050000
1556,0.800000,2500,0,0.050000
1557,0.750000,2500,0,0.050000
1558,0.830000,2500,0,0.050000
1559,0.880000,2500,0,0.050000
1560,0.830000,2500,0,0.050000
1561,0.860000,2500,0,0.050000
1562,0.910000,2500,0,0.050000
1563,0.790000,2500,0,0.050000
1564,0.790000,2500,0,0.050000
1565,0.730000,2500,0,0.050000
1566,0.760000,2500,0,0.050000
1567,0.810000,2500,0,0.050000
1568,0.770000,2500,0,0.050000
1569,0.890000,2500,0,0.050000
1570,0.940000,2500,0,0.050000
1571,0.910000,2500,0,0.050000
1572,0.940000,2500,0,0.050000
1573,0.790000,2500,0,0.050000
1574,0.800000,2500,0,0.050000
1575,0.910000,2500,0,0.050000
1576,0.770000,2500,0,0.050000
1577,0.770000,2500,0,0.050000
1578,0.880000,2500,0,0.050000
1579,0.890000,2500,0,0.050000
1580,0.880000,2500,0,0.050000
1581,0.770000,2500,0,0.050000
1582,0.670000,2500,0,0.050000
1583,0.850000,2500,0,0.050000
1584,0.840000,2500,0,0.050000
1585,0.820000,2500,0,0.050000
1586,0.840000,2500,0,0.050000
1587,0.840000,2500,0,0.050000
1588,0.790000,2500,0,0.050000
1589,0.880000,2500,0,0.050000
1590,0.750000,2500,0,0.050000
1591,0.910000,2500,0,0.050000
1592,0.750000,2500,0,0.050000
1593,0.770000,2500,0,0.050000
1594,0.820000,2500,0,0.050000
1595,0.760000,2500,0,0.050000
1596,0.920000,2500,0,0.050000
1597,0.780000,2500,0,0.050000
1598,0.820000,2500,0,0.050000
1599,0.760000,2500,0,0.050000
1600,0.710000,2500,0,0.050000
1601,0.880000,2500,0,0.050000
1602,0.930000,2500,0,0.050000
1603,0.920000,2500,0,0.050000
1604,0.860000,2500,0,0.050000
1605,0.900000,2500,0,0.050000
1606,0.760000,2500,0,0.050000
1607,0.920000,2500,0,0.050000
1608,0.860000,2500,0,0.050000
1609,0.850000,2500,0,0.050000
1610,0.870000,2500,0,0.050000
1611,0.820000,2500,0,0.050000
1612,0.910000,2500,0,0.050000
1613,0.930000,2500,0,0.050000
1614,0.910000,2500,0,0.050000
1615,0.670000,2500,0,0.050000
1616,0.860000,2500,0,0.050000
1617,0.820000,2500,0,0.050000
1618,0.810000,2500,0,0.050000
1619,0.860000,2500,0,0.050000
1620,0.890000,2500,0,0.050000
1621,0.890000,2500,0,0.050000
1622,0.960000,2500,0,0.050000
1623,0.870000,2500,0,0.050000
1624,0.950000,2500,0,0.050000
1625,0.800000,2500,0,0.050000
1626,0.930000,2500,0,0.050000
1627,0.880000,2500,0,0.050000
1628,0.820000,2500,0,0.050000
1629,0.860000,2500,0,0.050000
1630,0.900000,2500,0,0.050000
1631,0.930000,2500,0,0.050000
1632,0.850000,2500,0,0.050000
1633,0.930000,2500,0,0.050000
1634,0.870000,2500,0,0.050000
1635,0.920000,2500,0,0.050000
1636,0.820000,2500,0,0.050000
1637,0.820000,2500,0,0.050000
1638,0.930000,2500,0,0.050000
1639,0.890000,2500,0,0.050000
1640,0.880000,2500,0,0.050000
1641,0.900000,2500,0,0.050000
1642,0.790000,2500,0,0.050000
1643,0.880000,2500,0,0.050000
1644,0.810000,2500,0,0.050000
1645,0.840000,2500,0,0.050000
1646,0.680000,2500,0,0.050000
1647,0.670000,2500,0,0.050000
1648,0.930000,2500,0,0.050000
1649,0.880000,2500,0,0.050000
1650,0.960000,2500,0,0.050000
1651,0.950000,2500,0,0.050000
1652,0.820000,2500,0,0.050000
1653,0.790000,2500,0,0.050000
1654,0.890000,2500,0,0.050000
1655,0.660000,2500,0,0.050000
1656,0.770000,2500,0,0.050000
1657,0.950000,2500,0,0.050000
1658,0.750000,2500,0,0.050000
1659,0.720000,2500,0,0.050000
1660,0.730000,2500,0,0.050000
1661,0.780000,2500,0,0.050000
1662,0.780000,2500,0,0.050000
1663,0.700000,2500,0,0.050000
1664,0.860000,2500,0,0.050000
1665,0.890000,2500,0,0.050000
1666,0.900000,2500,0,0.050000
1667,0.840000,2500,0,0.050000
1668,0.910000,2500,0,0.050000
1669,0.900000,2500,0,0.050000
1670,0.900000,2500,0,0.050000
1671,0.870000,2500,0,0.050000
1672,0.790000,2500,0,0.050000
1673,0.840000,2500,0,0.050000
1674,0.890000,2500,0,0.050000
1675,0.830000,2500,0,0.050000
1676,0.890000,2500,0,0.050000
1677,0.940000,2500,0,0.050000
1678,0.830000,2500,0,0.050000
1679,0.860000,2500,0,0.050000
1680,0.830000,2500,0,0.050000
1681,0.740000,2500,0,0.050000
1682,0.920000,2500,0,0.050000
1683,0.870000,2500,0,0.050000
1684,0.900000,2500,0,0.050000
1685,0.900000,2500,0,0.050000
1686,0.760000,2500,0,0.050000
1687,0.860000,2500,0,0.050000
1688,0.870000,2500,0,0.050000
1689,0.820000,2500,0,0.050000
1690,0.730000,2500,0,0.050000
1691,0.830000,2500,0,0.050000
1692,0.870000,2500,0,0.050000
1693,0.720000,2500,0,0.050000
1694,0.760000,2500,0,0.050000
1695,0.870000,2500,0,0.050000
1696,0.800000,2500,0,0.050000
1697,0.870000,2500,0,0.050000
1698,0.830000,2500,0,0.050000
1699,0.940000,2500,0,0.050000
1700,0.940000,2500,0,0.050000
1701,0.870000,2500,0,0.050000
1702,0.900000,2500,0,0.050000
1703,0.800000,2500,0,0.050000
1704,0.800000,2500,0,0.050000
1705,0.900000,2500,0,0.050000
1706,0.790000,2500,0,0.050000
1707,0.830000,2500,0,0.050000
1708,0.950000,2500,0,0.050000
1709,0.800000,2500,0,0.050000
1710,0.900000,2500,0,0.050000
1711,0.890000,2500,0,0.050000
1712,0.870000,2500,0,0.050000
1713,0.870000,2500,0,0.050000
1714,0.920000,2500,0,0.050000
1715,0.820000,2500,0,0.050000
1716,0.680000,2500,0,0.050000
1717,0.830000,2500,0,0.050000
1718,0.820000,2500,0,0.050000
1719,0.940000,2500,0,0.050000
1720,0.830000,2500,0,0.050000
1721,0.850000,2500,0,0.050000
1722,0.880000,2500,0,0.050000
1723,0.920000,2500,0,0.050000
1724,0.800000,2500,0,0.050000
1725,0.930000,2500,0,0.050000
1726,0.890000,2500,0,0.050000
1727,0.730000,2500,0,0.050000
1728,0.920000,2500,0,0.050000
1729,0.930000,2500,0,0.050000
1730,0.860000,2500,0,0.050000
1731,0.800000,2500,0,0.050000
1732,0.780000,2500,0,0.050000
1733,0.840000,2500,0,0.050000
1734,0.730000,2500,0,0.050000
1735,0.840000,2500,0,0.050000
1736,0.790000,2500,0,0.050000
1737,0.820000,2500,0,0.050000
1738,0.770000,2500,0,0.050000
1739,0.860000,2500,0,0.050000
1740,0.780000,2500,0,0.050000
1741,0.800000,2500,0,0.050000
1742,0.750000,2500,0,0.050000
1743,0.850000,2500,0,0.050000
1744,0.830000,2500,0,0.050000
1745,0.860000,2500,0,0.050000
1746,0.810000,2500,0,0.050000
1747,0.750000,2500,0,0.050000
1748,0.740000,2500,0,0.050000
1749,0.740000,2500,0,0.050000
1750,0.930000,2500,0,0.050000
1751,0.730000,2500,0,0.050000
1752,0.840000,2500,0,0.050000
1753,0.830000,2500,0,0.050000
1754,0.870000,2500,0,0.050000
1755,0.910000,2500,0,0.050000
1756,0.640000,2500,0,0.050000
1757,0.820000,2500,0,0.050000
1758,0.750000,2500,0,0.050000
1759,0.790000,2500,0,0.050000
1760,0.850000,2500,0,0.050000
1761,0.790000,2500,0,0.050000
1762,0.930000,2500,0,0.050000
1763,0.910000,2500,0,0.050000
1764,0.930000,2500,0,0.050000
1765,0.830000,2500,0,0.050000
1766,0.900000,2500,0,0.050000
1767,0.860000,2500,0,0.050000
1768,0.720000,2500,0,0.050000
1769,0.930000,2500,0,0.050000
1770,0.840000,2500,0,0.050000
1771,0.750000,2500,0,0.050000
1772,0.790000,2500,0,0.050000
1773,0.880000,2500,0,0.050000
1774,0.750000,2500,0,0.050000
1775,0.840000,2500,0,0.050000
1776,0.740000,2500,0,0.050000
1777,0.880000,2500,0,0.050000
1778,0.990000,2500,0,0.050000
1779,0.720000,2500,0,0.050000
1780,0.800000,2500,0,0.050000
1781,0.920000,2500,0,0.050000
1782,0.810000,2500,0,0.050000
1783,0.720000,2500,0,0.050000
1784,0.780000,2500,0,0.050000
1785,0.730000,2500,0,0.050000
1786,0.740000,2500,0,0.050000
1787,0.710000,2500,0,0.050000
1788,0.750000,2500,0,0.050000
1789,0.870000,2500,0,0.050000
1790,0.760000,2500,0,0.050000
1791,0.910000,2500,0,0.050000
1792,0.880000,2500,0,0.050000
1793,0.750000,2500,0,0.050000
1794,0.850000,2500,0,0.050000
1795,0.790000,2500,0,0.050000
1796,0.930000,2500,0,0.050000
1797,0.740000,2500,0,0.050000
1798,0.820000,2500,0,0.050000
1799,0.900000,2500,0,0.050000
1800,0.740000,2500,0,0.050000
1801,0.890000,2500,0,0.050000
1802,0.840000,2500,0,0.050000
1803,0.950000,2500,0,0.050000
1804,0.830000,2500,0,0.050000
1805,0.840000,2500,0,0.050000
1806,0.870000,2500,0,0.050000
1807,0.900000,2500,0,0.050000
1808,0.920000,2500,0,0.050000
1809,0.940000,2500,0,0.050000
1810,0.870000,2500,0,0.050000
1811,0.970000,2500,0,0.050000
1812,0.890000,2500,0,0.050000
1813,0.780000,2500,0,0.050000
1814,0.880000,2500,0,0.050000
1815,0.840000,2500,0,0.050000
1816,0.930000,2500,0,0.050000
1817,0.920000,2500,0,0.050000
1818,0.860000,2500,0,0.050000
1819,0.920000,2500,0,0.050000
1820,0.880000,2500,0,0.050000
1821,0.800000,2500,0,0.050000
1822,0.860000,2500,0,0.050000
1823,0.710000,2500,0,0.050000
1824,0.850000,2500,0,0.050000
1825,0.880000,2500,0,0.050000
1826,0.910000,2500,0,0.050000
1827,0.860000,2500,0,0.050000
1828,0.790000,2500,0,0.050000
1829,0.810000,2500,0,0.050000
1830,0.800000,2500,0,0.050000
1831,0.720000,2500,0,0.050000
1832,0.900000,2500,0,0.050000
1833,0.870000,2500,0,0.050000
1834,0.900000,2500,0,0.050000
1835,0.780000,2500,0,0.050000
1836,0.910000,2500,0,0.050000
1837,0.890000,2500,0,0.050000
1838,0.830000,2500,0,0.050000
1839,0.960000,2500,0,0.050000
1840,0.950000,2500,0,0.050000
1841,0.700000,2500,0,0.050000
1842,0.880000,2500,0,0.050000
1843,0.850000,2500,0,0.050000
1844,0.900000,2500,0,0.050000
1845,0.790000,2500,0,0.050000
1846,0.910000,2500,0,0.050000
1847,0.830000,2500,0,0.050000
1848,0.830000,2500,0,0.050000
1849,0.830000,2500,0,0.050000
1850,0.860000,2500,0,0.050000
1851,0.890000,2500,0,0.050000
1852,0.670000,2500,0,0.050000
1853,0.790000,2500,0,0.050000
1854,0.880000,2500,0,0.050000
1855,0.830000,2500,0,0.050000
1856,0.880000,2500,0,0.050000
1857,0.830000,2500,0,0.050000
1858,0.870000,2500,0,0.050000
1859,0.640000,2500,0,0.050000
1860,0.800000,2500,0,0.050000
1861,0.740000,2500,0,0.050000
1862,0.880000,2500,0,0.050000
1863,0.940000,2500,0,0.050000
1864,0.890000,2500,0,0.050000
1865,0.810000,2500,0,0.050000
1866,0.880000,2500,0,0.050000
1867,0.890000,2500,0,0.050000
1868,0.910000,2500,0,0.050000
1869,0.670000,2500,0,0.050000
1870,0.680000,2500,0,0.050000
1871,0.880000,2500,0,0.050000
1872,0.880000,2500,0,0.050000
1873,0.970000,2500,0,0.050000
1874,0.850000,2500,0,0.050000
1875,0.910000,2500,0,0.050000
1876,0.810000,2500,0,0.050000
1877,0.870000,2500,0,0.050000
1878,0.680000,2500,0,0.050000
1879,0.840000,2500,0,0.050000
1880,0.870000,2500,0,0.050000
1881,0.800000,2500,0,0.050000
1882,0.910000,2500,0,0.050000
1883,0.800000,2500,0,0.050000
1884,0.660000,2500,0,0.050000
1885,0.790000,2500,0,0.050000
1886,0.860000,2500,0,0.050000
1887,0.890000,2500,0,0.050000
1888,0.910000,2500,0,0.050000
1889,0.870000,2500,0,0.050000
1890,0.810000,2500,0,0.050000
1891,0.940000,2500,0,0.050000
1892,0.920000,2500,0,0.050000
1893,0.870000,2500,0,0.050000
1894,0.780000,2500,0,0.050000
1895,0.910000,2500,0,0.050000
1896,0.900000,2500,0,0.050000
1897,0.910000,2500,0,0.050000
1898,0.760000,2500,0,0.050000
1899,0.840000,2500,0,0.050000
1900,0.790000,2500,0,0.050000
1901,0.880000,2500,0,0.050000
1902,0.920000,2500,0,0.050000
1903,0.870000,2500,0,0.050000
1904,0.870000,2500,0,0.050000
1905,0.870000,2500,0,0.050000
1906,0.700000,2500,0,0.050000
1907,0.890000,2500,0,0.050000
1908,0.940000,2500,0,0.050000
1909,0.830000,2500,0,0.050000
1910,0.760000,2500,0,0.050000
1911,0.890000,2500,0,0.050000
1912,0.810000,2500,0,0.050000
1913,0.850000,2500,0,0.050000
1914,0.850000,2500,0,0.050000
1915,0.720000,2500,0,0.050000
1916,0.890000,2500,0,0.050000
1917,0.860000,2500,0,0.050000
1918,0.950000,2500,0,0.050000
1919,0.790000,2500,0,0.050000
1920,0.920000,2500,0,0.050000
1921,0.880000,2500,0,0.050000
1922,0.880000,2500,0,0.050000
1923,0.880000,2500,0,0.050000
1924,0.850000,2500,0,0.050000
1925,0.940000,2500,0,0.050000
1926,0.710000,2500,0,0.050000
1927,0.820000,2500,0,0.050000
1928,0.760000,2500,0,0.050000
1929,0.870000,2500,0,0.050000
1930,0.860000,2500,0,0.050000
1931,0.930000,2500,0,0.050000
1932,0.880000,2500,0,0.050000
1933,0.910000,2500,0,0.050000
1934,0.860000,2500,0,0.050000
1935,0.860000,2500,0,0.050000
1936,0.890000,2500,0,0.050000
1937,0.930000,2500,0,0.050000
1938,0.860000,2500,0,0.050000
1939,0.870000,2500,0,0.050000
1940,0.700000,2500,0,0.050000
1941,0.920000,2500,0,0.050000
1942,0.880000,2500,0,0.050000
1943,0.940000,2500,0,0.050000
1944,0.840000,2500,0,0.050000
1945,0.900000,2500,0,0.050000
1946,0.940000,2500,0,0.050000
1947,0.890000,2500,0,0.050000
1948,0.850000,2500,0,0.050000
1949,0.930000,2500,0,0.050000
1950,0.880000,2500,0,0.050000
1951,0.910000,2500,0,0.050000
1952,0.920000,2500,0,0.050000
1953,0.870000,2500,0,0.050000
1954,0.730000,2500,0,0.050000
1955,0.860000,2500,0,0.050000
1956,0.940000,2500,0,0.050000
1957,0.910000,2500,0,0.050000
1958,0.940000,2500,0,0.050000
1959,0.910000,2500,0,0.050000
1960,0.920000,2500,0,0.050000
1961,0.880000,2500,0,0.050000
1962,0.910000,2500,0,0.050000
1963,0.790000,2500,0,0.050000
1964,0.790000,2500,0,0.050000
1965,0.900000,2500,0,0.050000
1966,0.720000,2500,0,0.050000
1967,0.850000,2500,0,0.050000
1968,0.530000,2500,0,0.050000
1969,0.930000,2500,0,0.050000
1970,0.850000,2500,0,0.050000
1971,0.920000,2500,0,0.050000
1972,0.790000,2500,0,0.050000
1973,0.870000,2500,0,0.050000
1974,0.810000,2500,0,0.050000
1975,0.970000,2500,0,0.050000
1976,0.910000,2500,0,0.050000
1977,0.950000,2500,0,0.050000
1978,0.920000,2500,0,0.050000
1979,0.890000,2500,0,0.050000
1980,0.930000,2500,0,0.050000
1981,0.880000,2500,0,0.050000
1982,0.770000,2500,0,0.050000
1983,0.810000,2500,0,0.050000
1984,0.840000,2500,0,0.050000
1985,0.880000,2500,0,0.050000
1986,0.810000,2500,0,0.050000
1987,0.820000,2500,0,0.050000
1988,0.930000,2500,0,0.050000
1989,0.870000,2500,0,0.050000
1990,0.870000,2500,0,0.050000
1991,0.830000,2500,0,0.050000
1992,0.740000,2500,0,0.050000
1993,0.770000,2500,0,0.050000
1994,0.830000,2500,0,0.050000
1995,0.790000,2500,0,0.050000
1996,0.930000,2500,0,0.050000
1997,0.840000,2500,0,0.050000
1998,0.900000,2500,0,0.050000
1999,0.960000,2500,0,0.050000
2000,0.860000,2500,0,0.050000
